Index,Close
0,457.3340148925781
1,424.44000244140625
2,394.7959899902344
3,408.90399169921875
4,398.8210144042969
5,402.1520080566406
6,435.7909851074219
7,423.2049865722656
8,411.5740051269531
9,404.42498779296875
10,399.5199890136719
11,377.1809997558594
12,375.4670104980469
13,386.9440002441406
14,383.614990234375
15,375.0719909667969
16,359.5119934082031
17,328.8659973144531
18,320.510009765625
19,330.0790100097656
20,336.18701171875
21,352.94000244140625
22,365.0260009765625
23,361.56201171875
24,362.29901123046875
25,378.54901123046875
26,390.41400146484375
27,400.8699951171875
28,394.77301025390625
29,382.5559997558594
30,383.75799560546875
31,391.4419860839844
32,389.5459899902344
33,382.8450012207031
34,386.4750061035156
35,383.1579895019531
36,358.4169921875
37,358.3450012207031
38,347.27099609375
39,354.7040100097656
40,352.989013671875
41,357.6180114746094
42,335.59100341796875
43,345.30499267578125
44,338.3210144042969
45,325.7489929199219
46,325.8919982910156
47,327.5539855957031
48,330.49200439453125
49,339.4859924316406
50,349.2900085449219
51,342.4150085449219
52,345.4880065917969
53,363.2640075683594
54,366.92401123046875
55,367.69500732421875
56,423.5610046386719
57,420.7349853515625
58,397.8179931640625
59,376.13299560546875
60,387.8819885253906
61,387.4079895019531
62,375.197998046875
63,380.55499267578125
64,357.8399963378906
65,350.8479919433594
66,352.9200134277344
67,367.572998046875
68,376.9010009765625
69,375.3479919433594
70,368.3699951171875
71,369.6700134277344
72,376.4469909667969
73,375.4909973144531
74,378.0469970703125
75,379.2449951171875
76,381.31500244140625
77,375.010009765625
78,369.60400390625
79,376.85400390625
80,374.7850036621094
81,375.0950012207031
82,361.90899658203125
83,352.218994140625
84,346.364990234375
85,350.5060119628906
86,352.5419921875
87,347.3760070800781
88,351.6319885253906
89,345.3450012207031
90,327.06201171875
91,319.7760009765625
92,311.39599609375
93,317.8429870605469
94,329.95599365234375
95,320.8429870605469
96,331.885986328125
97,334.5719909667969
98,322.53399658203125
99,319.00799560546875
100,327.92401123046875
101,315.8630065917969
102,317.239013671875
103,312.6700134277344
104,310.73699951171875
105,320.1929931640625
106,314.2489929199219
107,315.0320129394531
108,281.0820007324219
109,264.19500732421875
110,274.4739990234375
111,286.1889953613281
112,294.3370056152344
113,283.3489990234375
114,290.4079895019531
115,274.7959899902344
116,265.6600036621094
117,267.7959899902344
118,225.86099243164062
119,178.10299682617188
120,209.843994140625
121,208.0970001220703
122,199.25999450683594
123,210.33900451660156
124,214.86099243164062
125,211.31500244140625
126,226.89700317382812
127,233.406005859375
128,232.87899780273438
129,247.8470001220703
130,253.71800231933594
131,273.4729919433594
132,263.4750061035156
133,233.9149932861328
134,233.51300048828125
135,226.4250030517578
136,217.46400451660156
137,226.9720001220703
138,238.22900390625
139,227.26800537109375
140,226.85299682617188
141,217.11099243164062
142,222.26600646972656
143,227.75399780273438
144,223.41200256347656
145,220.11000061035156
146,219.83900451660156
147,219.18499755859375
148,221.76400756835938
149,235.427001953125
150,257.3210144042969
151,234.8249969482422
152,233.84300231933594
153,243.61000061035156
154,236.3260040283203
155,240.2830047607422
156,243.7790069580078
157,244.53399658203125
158,235.9770050048828
159,238.89199829101562
160,238.73500061035156
161,237.47000122070312
162,236.42599487304688
163,253.8280029296875
164,254.26300048828125
165,260.2019958496094
166,275.6700134277344
167,281.7019958496094
168,273.0920104980469
169,276.1780090332031
170,272.7229919433594
171,276.260986328125
172,274.35400390625
173,289.60699462890625
174,291.760009765625
175,296.3789978027344
176,294.35400390625
177,285.3370056152344
178,281.885009765625
179,286.39300537109375
180,290.5929870605469
181,285.5050048828125
182,256.29901123046875
183,260.9280090332031
184,261.7489929199219
185,260.0249938964844
186,267.9599914550781
187,266.739990234375
188,245.59500122070312
189,246.19700622558594
190,248.53199768066406
191,247.0290069580078
192,252.79800415039062
193,242.71299743652344
194,247.5260009765625
195,244.2239990234375
196,247.27200317382812
197,253.0050048828125
198,254.32200622558594
199,253.69700622558594
200,260.5979919433594
201,255.49200439453125
202,253.17999267578125
203,245.02200317382812
204,243.67599487304688
205,236.07200622558594
206,236.552001953125
207,236.1529998779297
208,224.58700561523438
209,219.15899658203125
210,223.83299255371094
211,228.572998046875
212,222.8820037841797
213,223.3560028076172
214,222.60000610351562
215,224.62600708007812
216,235.2689971923828
217,234.17599487304688
218,236.46200561523438
219,231.26800537109375
220,226.38999938964844
221,219.42999267578125
222,229.28599548339844
223,225.85499572753906
224,225.80799865722656
225,236.14500427246094
226,232.07899475097656
227,234.92999267578125
228,240.35800170898438
229,239.01800537109375
230,236.12100219726562
231,229.78199768066406
232,237.33399963378906
233,243.86300659179688
234,241.83200073242188
235,240.29600524902344
236,242.1580047607422
237,241.11199951171875
238,236.3769989013672
239,236.9290008544922
240,237.60499572753906
241,236.1529998779297
242,236.802001953125
243,233.1280059814453
244,231.94700622558594
245,234.01800537109375
246,235.343994140625
247,240.34800720214844
248,238.8719940185547
249,240.9530029296875
250,237.11000061035156
251,237.11599731445312
252,237.2830047607422
253,237.4080047607422
254,237.0959930419922
255,233.34500122070312
256,230.19000244140625
257,222.92599487304688
258,225.80299377441406
259,225.87399291992188
260,224.32400512695312
261,224.95199584960938
262,225.61900329589844
263,222.88099670410156
264,228.48899841308594
265,229.04800415039062
266,228.80299377441406
267,229.7050018310547
268,229.98199462890625
269,232.40199279785156
270,233.54299926757812
271,236.822998046875
272,250.89500427246094
273,249.28399658203125
274,249.0070037841797
275,244.6060028076172
276,245.21200561523438
277,243.94400024414062
278,246.99000549316406
279,244.29600524902344
280,240.51499938964844
281,242.7989959716797
282,243.593994140625
283,250.99000549316406
284,249.01100158691406
285,257.0639953613281
286,263.0719909667969
287,258.6210021972656
288,255.41200256347656
289,256.33599853515625
290,260.885986328125
291,271.9129943847656
292,269.0299987792969
293,266.2070007324219
294,270.7850036621094
295,269.2279968261719
296,284.8940124511719
297,293.114990234375
298,310.86700439453125
299,292.0539855957031
300,287.4639892578125
301,285.8290100097656
302,278.0889892578125
303,279.47198486328125
304,274.9010009765625
305,273.614013671875
306,278.9809875488281
307,275.8330078125
308,277.22198486328125
309,276.04901123046875
310,288.27801513671875
311,288.6969909667969
312,292.6860046386719
313,293.6239929199219
314,294.427001953125
315,289.5899963378906
316,287.72198486328125
317,284.6499938964844
318,281.60101318359375
319,282.614013671875
320,281.22698974609375
321,285.2179870605469
322,281.8819885253906
323,278.5769958496094
324,279.5849914550781
325,260.99700927734375
326,265.0830078125
327,264.4700012207031
328,270.385986328125
329,266.3760070800781
330,264.0799865722656
331,265.67999267578125
332,261.5509948730469
333,258.5069885253906
334,257.97601318359375
335,211.07899475097656
336,226.6840057373047
337,235.35000610351562
338,232.56900024414062
339,230.38999938964844
340,228.16900634765625
341,210.4949951171875
342,221.60899353027344
343,225.83099365234375
344,224.7689971923828
345,231.39599609375
346,229.77999877929688
347,228.76100158691406
348,230.05599975585938
349,228.12100219726562
350,229.28399658203125
351,227.18299865722656
352,230.29800415039062
353,235.0189971923828
354,239.83999633789062
355,239.8470001220703
356,243.60699462890625
357,238.16799926757812
358,238.4770050048828
359,240.10699462890625
360,235.22900390625
361,230.51199340820312
362,230.6439971923828
363,230.3040008544922
364,229.09100341796875
365,229.80999755859375
366,232.97500610351562
367,231.4929962158203
368,231.21200561523438
369,227.0850067138672
370,230.6179962158203
371,230.2830047607422
372,234.5290069580078
373,235.1439971923828
374,234.33999633789062
375,232.7570037841797
376,239.14199829101562
377,236.68699645996094
378,236.05999755859375
379,237.5489959716797
380,237.29299926757812
381,238.72999572753906
382,238.25900268554688
383,240.38299560546875
384,246.06300354003906
385,242.968994140625
386,242.3040008544922
387,243.93099975585938
388,244.9409942626953
389,247.0500030517578
390,245.30799865722656
391,249.50799560546875
392,251.98899841308594
393,254.32000732421875
394,262.8689880371094
395,270.6400146484375
396,261.64300537109375
397,263.43701171875
398,269.4630126953125
399,266.2720031738281
400,274.02301025390625
401,276.4960021972656
402,281.65399169921875
403,283.67999267578125
404,285.29998779296875
405,293.7879943847656
406,304.6180114746094
407,313.8550109863281
408,328.0150146484375
409,314.1659851074219
410,325.4309997558594
411,361.1889953613281
412,403.4169921875
413,411.56298828125
414,386.35400390625
415,374.4700012207031
416,386.48199462890625
417,373.3680114746094
418,380.2569885253906
419,336.8190002441406
420,311.0840148925781
421,338.1520080566406
422,336.75299072265625
423,332.906005859375
424,320.1659851074219
425,330.7510070800781
426,335.093994140625
427,334.5899963378906
428,326.14898681640625
429,322.0220031738281
430,326.927001953125
431,324.5360107421875
432,323.0459899902344
433,320.0459899902344
434,328.20599365234375
435,352.6839904785156
436,358.0419921875
437,357.3810119628906
438,371.29400634765625
439,377.3210144042969
440,362.4880065917969
441,359.18701171875
442,361.0459899902344
443,363.1830139160156
444,388.9490051269531
445,388.7829895019531
446,395.5360107421875
447,415.56298828125
448,417.56298828125
449,415.47900390625
450,451.93798828125
451,434.99700927734375
452,433.7550048828125
453,444.1820068359375
454,465.3210144042969
455,454.9339904785156
456,456.0780029296875
457,463.6159973144531
458,462.3219909667969
459,442.68499755859375
460,438.6390075683594
461,436.5719909667969
462,442.4010009765625
463,454.9849853515625
464,455.65301513671875
465,417.27398681640625
466,422.822998046875
467,422.27899169921875
468,432.9830017089844
469,426.6199951171875
470,430.5669860839844
471,434.3340148925781
472,433.43798828125
473,430.010986328125
474,433.09100341796875
475,431.9599914550781
476,429.1050109863281
477,458.0480041503906
478,453.2300109863281
479,447.6109924316406
480,447.9909973144531
481,448.4280090332031
482,435.69000244140625
483,432.3710021972656
484,430.3059997558594
485,364.33099365234375
486,387.5360107421875
487,382.29901123046875
488,387.1679992675781
489,380.14898681640625
490,420.2300109863281
491,410.2619934082031
492,382.49200439453125
493,387.4909973144531
494,402.97100830078125
495,391.72601318359375
496,392.15301513671875
497,394.97198486328125
498,380.28900146484375
499,379.4739990234375
500,378.2550048828125
501,368.7669982910156
502,373.0559997558594
503,374.447998046875
504,369.9490051269531
505,389.593994140625
506,386.54901123046875
507,376.5220031738281
508,376.6199951171875
509,373.4469909667969
510,376.02899169921875
511,381.64898681640625
512,379.65399169921875
513,384.26300048828125
514,391.8599853515625
515,407.2300109863281
516,400.18499755859375
517,407.4880065917969
518,416.3219909667969
519,422.37298583984375
520,420.7850036621094
521,437.16400146484375
522,438.7980041503906
523,437.74798583984375
524,420.7359924316406
525,424.9549865722656
526,424.54400634765625
527,432.1520080566406
528,432.5190124511719
529,433.5039978027344
530,437.6969909667969
531,435.12298583984375
532,423.989013671875
533,421.6510009765625
534,410.9389953613281
535,400.57000732421875
536,407.7070007324219
537,414.3210144042969
538,413.97198486328125
539,414.8599853515625
540,417.1310119628906
541,421.69000244140625
542,411.6239929199219
543,414.06500244140625
544,416.43798828125
545,416.8299865722656
546,417.010986328125
547,420.6210021972656
548,409.5480041503906
549,410.4440002441406
550,413.7550048828125
551,413.3070068359375
552,418.0889892578125
553,418.0409851074219
554,416.3940124511719
555,417.177001953125
556,417.94500732421875
557,426.7650146484375
558,424.2309875488281
559,416.5159912109375
560,414.8160095214844
561,416.72900390625
562,417.9599914550781
563,420.87298583984375
564,420.90399169921875
565,421.4440002441406
566,424.0299987792969
567,423.4129943847656
568,422.7449951171875
569,420.3489990234375
570,419.4110107421875
571,421.5639953613281
572,422.4830017089844
573,425.19000244140625
574,423.7340087890625
575,424.2820129394531
576,429.7130126953125
577,430.5719909667969
578,427.39898681640625
579,428.59100341796875
580,435.5090026855469
581,441.3890075683594
582,449.42498779296875
583,445.73699951171875
584,450.2820129394531
585,458.55499267578125
586,461.4259948730469
587,466.0889892578125
588,444.68701171875
589,449.010986328125
590,455.09698486328125
591,448.3179931640625
592,451.875
593,444.66900634765625
594,450.3039855957031
595,446.72198486328125
596,447.97601318359375
597,459.6029968261719
598,458.5360107421875
599,458.5480041503906
600,460.4830017089844
601,450.8949890136719
602,452.7279968261719
603,454.7659912109375
604,455.6700134277344
605,455.6709899902344
606,457.5679931640625
607,454.1629943847656
608,453.7829895019531
609,454.6189880371094
610,438.7149963378906
611,442.6759948730469
612,443.18798828125
613,439.322998046875
614,444.1549987792969
615,445.9809875488281
616,449.5989990234375
617,453.3840026855469
618,473.4639892578125
619,530.0399780273438
620,526.2329711914062
621,533.864013671875
622,531.385986328125
623,536.9199829101562
624,537.9719848632812
625,569.1939697265625
626,572.7269897460938
627,574.9769897460938
628,585.5369873046875
629,576.5969848632812
630,581.64501953125
631,574.6300048828125
632,577.469970703125
633,606.7269897460938
634,672.7839965820312
635,704.3759765625
636,685.5590209960938
637,694.468994140625
638,766.3079833984375
639,748.9089965820312
640,756.2269897460938
641,763.781005859375
642,737.2260131835938
643,666.6519775390625
644,596.1160278320312
645,623.9769897460938
646,665.2990112304688
647,665.1229858398438
648,629.3670043945312
649,655.2750244140625
650,647.0009765625
651,639.8900146484375
652,673.3369750976562
653,676.2960205078125
654,703.7020263671875
655,658.6640014648438
656,683.6619873046875
657,670.6270141601562
658,677.3309936523438
659,640.56201171875
660,666.5230102539062
661,650.9600219726562
662,649.3599853515625
663,647.6589965820312
664,664.551025390625
665,654.468017578125
666,658.0780029296875
667,663.2550048828125
668,660.7670288085938
669,679.458984375
670,673.1060180664062
671,672.864013671875
672,665.6849975585938
673,665.0120239257812
674,650.6190185546875
675,655.5560302734375
676,661.2849731445312
677,654.0969848632812
678,651.7839965820312
679,654.3519897460938
680,655.0349731445312
681,656.9920043945312
682,655.0469970703125
683,624.6810302734375
684,606.27197265625
685,547.4650268554688
686,566.35498046875
687,578.2890014648438
688,575.0430297851562
689,587.7780151367188
690,592.6900024414062
691,591.0540161132812
692,587.801025390625
693,592.10302734375
694,589.1199951171875
695,587.5590209960938
696,585.5880126953125
697,570.4730224609375
698,567.239990234375
699,577.4390258789062
700,573.2160034179688
701,574.3179931640625
702,575.6300048828125
703,581.697021484375
704,581.3079833984375
705,586.7529907226562
706,583.4149780273438
707,580.1820068359375
708,577.760986328125
709,579.6510009765625
710,569.947021484375
711,573.9119873046875
712,574.1069946289062
713,577.5029907226562
714,575.4719848632812
715,572.302978515625
716,575.5369873046875
717,598.2119750976562
718,608.6339721679688
719,606.5900268554688
720,610.4359741210938
721,614.5440063476562
722,626.3159790039062
723,622.8610229492188
724,623.5089721679688
725,606.718994140625
726,608.2429809570312
727,609.2410278320312
728,610.6840209960938
729,607.155029296875
730,606.9730224609375
731,605.9840087890625
732,609.8740234375
733,609.2269897460938
734,608.31201171875
735,597.1489868164062
736,596.2979736328125
737,602.8419799804688
738,602.625
739,600.8259887695312
740,608.0430297851562
741,606.166015625
742,604.72802734375
743,605.6929931640625
744,609.7349853515625
745,613.9829711914062
746,610.8920288085938
747,612.1329956054688
748,610.2039794921875
749,612.510986328125
750,613.02099609375
751,617.1209716796875
752,619.1079711914062
753,616.7520141601562
754,618.9940185546875
755,641.072021484375
756,636.1920166015625
757,636.7860107421875
758,640.3779907226562
759,638.64599609375
760,641.6309814453125
761,639.1929931640625
762,637.9600219726562
763,630.52001953125
764,630.8569946289062
765,632.8280029296875
766,657.2940063476562
767,657.0709838867188
768,653.760986328125
769,657.5880126953125
770,678.3040161132812
771,688.31298828125
772,689.6510009765625
773,714.47900390625
774,701.864013671875
775,700.9719848632812
776,729.7930297851562
777,740.8289794921875
778,688.7000122070312
779,703.2349853515625
780,703.4180297851562
781,711.52197265625
782,703.1309814453125
783,709.8480224609375
784,723.2730102539062
785,715.5339965820312
786,716.4110107421875
787,705.0540161132812
788,702.031005859375
789,705.02099609375
790,711.6190185546875
791,744.197998046875
792,740.9769897460938
793,751.5850219726562
794,751.6160278320312
795,731.0260009765625
796,739.2479858398438
797,751.3469848632812
798,744.593994140625
799,740.2890014648438
800,741.6489868164062
801,735.3820190429688
802,732.0349731445312
803,735.81298828125
804,735.60400390625
805,745.6909790039062
806,756.7739868164062
807,777.9439697265625
808,771.155029296875
809,773.8720092773438
810,758.7000122070312
811,764.2239990234375
812,768.1320190429688
813,770.8099975585938
814,772.7940063476562
815,774.6500244140625
816,769.7310180664062
817,780.0869750976562
818,780.5560302734375
819,781.4810180664062
820,778.0880126953125
821,784.906982421875
822,790.8289794921875
823,790.530029296875
824,792.7139892578125
825,800.8759765625
826,834.281005859375
827,864.5399780273438
828,921.9840087890625
829,898.822021484375
830,896.1829833984375
831,907.6099853515625
832,933.197998046875
833,975.9210205078125
834,973.4970092773438
835,961.2379760742188
836,963.7429809570312
837,998.3250122070312
838,1021.75
839,1043.8399658203125
840,1154.72998046875
841,1013.3800048828125
842,902.2009887695312
843,908.5850219726562
844,911.198974609375
845,902.8280029296875
846,907.6790161132812
847,777.7570190429688
848,804.833984375
849,823.9840087890625
850,818.4119873046875
851,821.7979736328125
852,831.5339965820312
853,907.93798828125
854,886.6179809570312
855,899.072998046875
856,895.0260009765625
857,921.7890014648438
858,924.6729736328125
859,921.0120239257812
860,892.68701171875
861,901.5419921875
862,917.5859985351562
863,919.75
864,921.5900268554688
865,919.4959716796875
866,920.3820190429688
867,970.4030151367188
868,989.0230102539062
869,1011.7999877929688
870,1029.9100341796875
871,1042.9000244140625
872,1027.3399658203125
873,1038.1500244140625
874,1061.3499755859375
875,1063.0699462890625
876,994.3829956054688
877,988.6740112304688
878,1004.4500122070312
879,999.1810302734375
880,990.6420288085938
881,1004.5499877929688
882,1007.47998046875
883,1027.43994140625
884,1046.2099609375
885,1054.4200439453125
886,1047.8699951171875
887,1079.97998046875
888,1115.300048828125
889,1117.43994140625
890,1166.719970703125
891,1173.6800537109375
892,1143.8399658203125
893,1165.199951171875
894,1179.969970703125
895,1179.969970703125
896,1222.5
897,1251.010009765625
898,1274.989990234375
899,1255.1500244140625
900,1267.1199951171875
901,1272.8299560546875
902,1223.5400390625
903,1150.0
904,1188.489990234375
905,1116.719970703125
906,1175.8299560546875
907,1221.3800048828125
908,1231.9200439453125
909,1240.0
910,1249.6099853515625
911,1187.81005859375
912,1100.22998046875
913,973.8179931640625
914,1036.739990234375
915,1054.22998046875
916,1120.5400390625
917,1049.1400146484375
918,1038.5899658203125
919,937.52001953125
920,972.7789916992188
921,966.7249755859375
922,1045.77001953125
923,1047.1500244140625
924,1039.969970703125
925,1026.4300537109375
926,1071.7900390625
927,1080.5
928,1102.1700439453125
929,1143.81005859375
930,1133.25
931,1124.780029296875
932,1182.6800537109375
933,1176.9000244140625
934,1175.949951171875
935,1187.8699951171875
936,1187.1300048828125
937,1205.010009765625
938,1200.3699951171875
939,1169.280029296875
940,1167.5400390625
941,1172.52001953125
942,1182.93994140625
943,1193.9100341796875
944,1211.6700439453125
945,1210.2900390625
946,1229.0799560546875
947,1222.050048828125
948,1231.7099609375
949,1207.2099609375
950,1250.1500244140625
951,1265.489990234375
952,1281.0799560546875
953,1317.72998046875
954,1316.47998046875
955,1321.7900390625
956,1347.8900146484375
957,1421.5999755859375
958,1452.8199462890625
959,1490.0899658203125
960,1537.6700439453125
961,1555.449951171875
962,1578.800048828125
963,1596.7099609375
964,1723.3499755859375
965,1755.3599853515625
966,1787.1300048828125
967,1848.5699462890625
968,1724.239990234375
969,1804.9100341796875
970,1808.9100341796875
971,1738.4300537109375
972,1734.449951171875
973,1839.0899658203125
974,1888.6500244140625
975,1987.7099609375
976,2084.72998046875
977,2041.199951171875
978,2173.39990234375
979,2320.419921875
980,2443.639892578125
981,2304.97998046875
982,2202.419921875
983,2038.8699951171875
984,2155.800048828125
985,2255.610107421875
986,2175.469970703125
987,2286.409912109375
988,2407.8798828125
989,2488.550048828125
990,2515.35009765625
991,2511.81005859375
992,2686.81005859375
993,2863.199951171875
994,2732.159912109375
995,2805.6201171875
996,2823.81005859375
997,2947.7099609375
998,2958.110107421875
999,2659.6298828125
1000,2717.02001953125
1001,2506.3701171875
1002,2464.580078125
1003,2518.56005859375
1004,2655.8798828125
1005,2548.2900390625
1006,2589.60009765625
1007,2721.7900390625
1008,2689.10009765625
1009,2705.409912109375
1010,2744.909912109375
1011,2608.719970703125
1012,2589.409912109375
1013,2478.449951171875
1014,2552.449951171875
1015,2574.7900390625
1016,2539.320068359375
1017,2480.840087890625
1018,2434.550048828125
1019,2506.469970703125
1020,2564.06005859375
1021,2601.639892578125
1022,2601.989990234375
1023,2608.56005859375
1024,2518.659912109375
1025,2571.340087890625
1026,2518.43994140625
1027,2372.56005859375
1028,2337.7900390625
1029,2398.840087890625
1030,2357.89990234375
1031,2233.340087890625
1032,1998.8599853515625
1033,1929.8199462890625
1034,2228.409912109375
1035,2318.8798828125
1036,2273.429931640625
1037,2817.60009765625
1038,2667.760009765625
1039,2810.1201171875
1040,2730.39990234375
1041,2754.860107421875
1042,2576.47998046875
1043,2529.449951171875
1044,2671.780029296875
1045,2809.010009765625
1046,2726.449951171875
1047,2757.179931640625
1048,2875.340087890625
1049,2718.260009765625
1050,2710.669921875
1051,2804.72998046875
1052,2895.889892578125
1053,3252.909912109375
1054,3213.93994140625
1055,3378.93994140625
1056,3419.93994140625
1057,3342.469970703125
1058,3381.280029296875
1059,3650.6201171875
1060,3884.7099609375
1061,4073.260009765625
1062,4325.1298828125
1063,4181.93017578125
1064,4376.6298828125
1065,4331.68994140625
1066,4160.6201171875
1067,4193.7001953125
1068,4087.659912109375
1069,4001.739990234375
1070,4100.52001953125
1071,4151.52001953125
1072,4334.68017578125
1073,4371.60009765625
1074,4352.39990234375
1075,4382.8798828125
1076,4382.66015625
1077,4579.02001953125
1078,4565.2998046875
1079,4703.39013671875
1080,4892.009765625
1081,4578.77001953125
1082,4582.9599609375
1083,4236.31005859375
1084,4376.52978515625
1085,4597.1201171875
1086,4599.8798828125
1087,4228.75
1088,4226.06005859375
1089,4122.93994140625
1090,4161.27001953125
1091,4130.81005859375
1092,3882.590087890625
1093,3154.949951171875
1094,3637.52001953125
1095,3625.0400390625
1096,3582.8798828125
1097,4065.199951171875
1098,3924.969970703125
1099,3905.949951171875
1100,3631.0400390625
1101,3630.699951171875
1102,3792.39990234375
1103,3682.840087890625
1104,3926.070068359375
1105,3892.35009765625
1106,4200.669921875
1107,4174.72998046875
1108,4163.06982421875
1109,4338.7099609375
1110,4403.740234375
1111,4409.31982421875
1112,4317.47998046875
1113,4229.35986328125
1114,4328.41015625
1115,4370.81005859375
1116,4426.89013671875
1117,4610.47998046875
1118,4772.02001953125
1119,4781.990234375
1120,4826.47998046875
1121,5446.91015625
1122,5647.2099609375
1123,5831.7900390625
1124,5678.18994140625
1125,5725.58984375
1126,5605.509765625
1127,5590.68994140625
1128,5708.52001953125
1129,6011.4501953125
1130,6031.60009765625
1131,6008.419921875
1132,5930.31982421875
1133,5526.64013671875
1134,5750.7998046875
1135,5904.830078125
1136,5780.89990234375
1137,5753.08984375
1138,6153.85009765625
1139,6130.52978515625
1140,6468.39990234375
1141,6767.31005859375
1142,7078.5
1143,7207.759765625
1144,7379.9501953125
1145,7407.41015625
1146,7022.759765625
1147,7144.3798828125
1148,7459.68994140625
1149,7143.580078125
1150,6618.14013671875
1151,6357.60009765625
1152,5950.06982421875
1153,6559.490234375
1154,6635.75
1155,7315.5400390625
1156,7871.68994140625
1157,7708.990234375
1158,7790.14990234375
1159,8036.490234375
1160,8200.6396484375
1161,8071.259765625
1162,8253.5498046875
1163,8038.77001953125
1164,8253.6904296875
1165,8790.919921875
1166,9330.5498046875
1167,9818.349609375
1168,10058.7998046875
1169,9888.6103515625
1170,10233.599609375
1171,10975.599609375
1172,11074.599609375
1173,11323.2001953125
1174,11657.2001953125
1175,11916.7001953125
1176,14291.5
1177,17899.69921875
1178,16569.400390625
1179,15178.2001953125
1180,15455.400390625
1181,16936.80078125
1182,17415.400390625
1183,16408.19921875
1184,16564.0
1185,17706.900390625
1186,19497.400390625
1187,19140.80078125
1188,19114.19921875
1189,17776.69921875
1190,16624.599609375
1191,15802.900390625
1192,13831.7998046875
1193,14699.2001953125
1194,13925.7998046875
1195,14026.599609375
1196,16099.7998046875
1197,15838.5
1198,14606.5
1199,14656.2001953125
1200,12952.2001953125
1201,14156.400390625
1202,13657.2001953125
1203,14982.099609375
1204,15201.0
1205,15599.2001953125
1206,17429.5
1207,17527.0
1208,16477.599609375
1209,15170.099609375
1210,14595.400390625
1211,14973.2998046875
1212,13405.7998046875
1213,13980.599609375
1214,14360.2001953125
1215,13772.0
1216,13819.7998046875
1217,11490.5
1218,11188.599609375
1219,11474.900390625
1220,11607.400390625
1221,12899.2001953125
1222,11600.099609375
1223,10931.400390625
1224,10868.400390625
1225,11359.400390625
1226,11259.400390625
1227,11171.400390625
1228,11440.7001953125
1229,11786.2998046875
1230,11296.400390625
1231,10106.2998046875
1232,10221.099609375
1233,9170.5400390625
1234,8830.75
1235,9174.91015625
1236,8277.009765625
1237,6955.27001953125
1238,7754.0
1239,7621.2998046875
1240,8265.58984375
1241,8736.98046875
1242,8621.900390625
1243,8129.97021484375
1244,8926.5703125
1245,8598.3095703125
1246,9494.6298828125
1247,10166.400390625
1248,10233.900390625
1249,11112.7001953125
1250,10551.7998046875
1251,11225.2998046875
1252,11403.7001953125
1253,10690.400390625
1254,10005.0
1255,10301.099609375
1256,9813.0703125
1257,9664.73046875
1258,10366.7001953125
1259,10725.599609375
1260,10397.900390625
1261,10951.0
1262,11086.400390625
1263,11489.7001953125
1264,11512.599609375
1265,11573.2998046875
1266,10779.900390625
1267,9965.5703125
1268,9395.009765625
1269,9337.5498046875
1270,8866.0
1271,9578.6298828125
1272,9205.1201171875
1273,9194.849609375
1274,8269.8095703125
1275,8300.8603515625
1276,8338.349609375
1277,7916.8798828125
1278,8223.6796875
1279,8630.650390625
1280,8913.4697265625
1281,8929.2802734375
1282,8728.4697265625
1283,8879.6201171875
1284,8668.1201171875
1285,8495.7802734375
1286,8209.400390625
1287,7833.0400390625
1288,7954.47998046875
1289,7165.7001953125
1290,6890.52001953125
1291,6973.52978515625
1292,6844.22998046875
1293,7083.7998046875
1294,7456.10986328125
1295,6853.83984375
1296,6811.47021484375
1297,6636.31982421875
1298,6911.08984375
1299,7023.52001953125
1300,6770.72998046875
1301,6834.759765625
1302,6968.31982421875
1303,7889.25
1304,7895.9599609375
1305,7986.240234375
1306,8329.1103515625
1307,8058.669921875
1308,7902.08984375
1309,8163.419921875
1310,8294.3095703125
1311,8845.830078125
1312,8895.580078125
1313,8802.4599609375
1314,8930.8798828125
1315,9697.5
1316,8845.740234375
1317,9281.509765625
1318,8987.0498046875
1319,9348.48046875
1320,9419.080078125
1321,9240.5498046875
1322,9119.009765625
1323,9235.919921875
1324,9743.8603515625
1325,9700.759765625
1326,9858.150390625
1327,9654.7998046875
1328,9373.009765625
1329,9234.8203125
1330,9325.1796875
1331,9043.9404296875
1332,8441.490234375
1333,8504.8896484375
1334,8723.9404296875
1335,8716.7900390625
1336,8510.3798828125
1337,8368.830078125
1338,8094.31982421875
1339,8250.9697265625
1340,8247.1796875
1341,8513.25
1342,8418.990234375
1343,8041.77978515625
1344,7557.81982421875
1345,7587.33984375
1346,7480.14013671875
1347,7355.8798828125
1348,7368.22021484375
1349,7135.990234375
1350,7472.58984375
1351,7406.52001953125
1352,7494.169921875
1353,7541.4501953125
1354,7643.4501953125
1355,7720.25
1356,7514.47021484375
1357,7633.759765625
1358,7653.97998046875
1359,7678.240234375
1360,7624.919921875
1361,7531.97998046875
1362,6786.02001953125
1363,6906.919921875
1364,6582.35986328125
1365,6349.89990234375
1366,6675.35009765625
1367,6456.580078125
1368,6550.16015625
1369,6499.27001953125
1370,6734.81982421875
1371,6769.93994140625
1372,6776.5498046875
1373,6729.740234375
1374,6083.68994140625
1375,6162.47998046875
1376,6173.22998046875
1377,6249.18017578125
1378,6093.669921875
1379,6157.1298828125
1380,5903.43994140625
1381,6218.2998046875
1382,6404.0
1383,6385.81982421875
1384,6614.18017578125
1385,6529.58984375
1386,6597.5498046875
1387,6639.14013671875
1388,6673.5
1389,6856.93017578125
1390,6773.8798828125
1391,6741.75
1392,6329.9501953125
1393,6394.7099609375
1394,6228.81005859375
1395,6238.0498046875
1396,6276.1201171875
1397,6359.64013671875
1398,6741.75
1399,7321.0400390625
1400,7370.77978515625
1401,7466.85986328125
1402,7354.1298828125
1403,7419.2900390625
1404,7418.490234375
1405,7711.10986328125
1406,8424.26953125
1407,8181.39013671875
1408,7951.580078125
1409,8165.009765625
1410,8192.150390625
1411,8218.4599609375
1412,8180.47998046875
1413,7780.43994140625
1414,7624.91015625
1415,7567.14990234375
1416,7434.39013671875
1417,7032.85009765625
1418,7068.47998046875
1419,6951.7998046875
1420,6753.1201171875
1421,6305.7998046875
1422,6568.22998046875
1423,6184.7099609375
1424,6295.72998046875
1425,6322.68994140625
1426,6297.56982421875
1427,6199.7099609375
1428,6308.52001953125
1429,6334.72998046875
1430,6580.6298828125
1431,6423.759765625
1432,6506.06982421875
1433,6308.52978515625
1434,6488.759765625
1435,6376.7099609375
1436,6534.8798828125
1437,6719.9599609375
1438,6763.18994140625
1439,6707.259765625
1440,6884.64013671875
1441,7096.27978515625
1442,7047.16015625
1443,6978.22998046875
1444,7037.580078125
1445,7193.25
1446,7272.72021484375
1447,7260.06005859375
1448,7361.66015625
1449,6792.830078125
1450,6529.169921875
1451,6467.06982421875
1452,6225.97998046875
1453,6300.85986328125
1454,6329.7001953125
1455,6321.2001953125
1456,6351.7998046875
1457,6517.31005859375
1458,6512.7099609375
1459,6543.2001953125
1460,6517.18017578125
1461,6281.2001953125
1462,6371.2998046875
1463,6398.5400390625
1464,6519.669921875
1465,6734.9501953125
1466,6721.97998046875
1467,6710.6298828125
1468,6595.41015625
1469,6446.47021484375
1470,6495.0
1471,6676.75
1472,6644.1298828125
1473,6601.9599609375
1474,6625.56005859375
1475,6589.6201171875
1476,6556.10009765625
1477,6502.58984375
1478,6576.68994140625
1479,6622.47998046875
1480,6588.31005859375
1481,6602.9501953125
1482,6652.22998046875
1483,6642.64013671875
1484,6585.52978515625
1485,6256.240234375
1486,6274.580078125
1487,6285.990234375
1488,6290.93017578125
1489,6596.5400390625
1490,6596.10986328125
1491,6544.43017578125
1492,6476.7099609375
1493,6465.41015625
1494,6489.18994140625
1495,6482.35009765625
1496,6487.16015625
1497,6475.740234375
1498,6495.83984375
1499,6476.2900390625
1500,6474.75
1501,6480.3798828125
1502,6486.39013671875
1503,6332.6298828125
1504,6334.27001953125
1505,6317.60986328125
1506,6377.77978515625
1507,6388.43994140625
1508,6361.259765625
1509,6376.1298828125
1510,6419.66015625
1511,6461.009765625
1512,6530.14013671875
1513,6453.72021484375
1514,6385.6201171875
1515,6409.22021484375
1516,6411.27001953125
1517,6371.27001953125
1518,6359.490234375
1519,5738.35009765625
1520,5648.02978515625
1521,5575.5498046875
1522,5554.330078125
1523,5623.5400390625
1524,4871.490234375
1525,4451.8701171875
1526,4602.169921875
1527,4365.93994140625
1528,4347.10986328125
1529,3880.760009765625
1530,4009.969970703125
1531,3779.1298828125
1532,3820.719970703125
1533,4257.419921875
1534,4278.8466796875
1535,4017.2685546875
1536,4214.671875
1537,4139.8779296875
1538,3894.130859375
1539,3956.893798828125
1540,3753.994873046875
1541,3521.101806640625
1542,3419.937255859375
1543,3476.11474609375
1544,3614.234375
1545,3502.656005859375
1546,3424.588134765625
1547,3486.9501953125
1548,3313.67724609375
1549,3242.48486328125
1550,3236.76171875
1551,3252.839111328125
1552,3545.86474609375
1553,3696.05908203125
1554,3745.95068359375
1555,4134.44140625
1556,3896.543701171875
1557,4014.1826171875
1558,3998.980224609375
1559,4078.59912109375
1560,3815.49072265625
1561,3857.297607421875
1562,3654.83349609375
1563,3923.918701171875
1564,3820.40869140625
1565,3865.95263671875
1566,3742.700439453125
1567,3843.52001953125
1568,3943.409423828125
1569,3836.7412109375
1570,3857.717529296875
1571,3845.194580078125
1572,4076.632568359375
1573,4025.248291015625
1574,4030.847900390625
1575,4035.29638671875
1576,3678.924560546875
1577,3687.365478515625
1578,3661.301025390625
1579,3552.953125
1580,3706.05224609375
1581,3630.67529296875
1582,3655.0068359375
1583,3678.56396484375
1584,3657.83935546875
1585,3728.568359375
1586,3601.013671875
1587,3576.032470703125
1588,3604.5771484375
1589,3585.123046875
1590,3600.865478515625
1591,3599.765869140625
1592,3602.46044921875
1593,3583.9658203125
1594,3470.450439453125
1595,3448.116943359375
1596,3486.181640625
1597,3457.792724609375
1598,3487.9453125
1599,3521.060791015625
1600,3464.013427734375
1601,3459.154052734375
1602,3466.357421875
1603,3413.767822265625
1604,3399.4716796875
1605,3666.7802734375
1606,3671.20361328125
1607,3690.188232421875
1608,3648.4306640625
1609,3653.528564453125
1610,3632.070556640625
1611,3616.880859375
1612,3620.810791015625
1613,3629.78759765625
1614,3673.836181640625
1615,3915.71435546875
1616,3947.094482421875
1617,3999.820556640625
1618,3954.1181640625
1619,4005.526611328125
1620,4142.52685546875
1621,3810.427490234375
1622,3882.6962890625
1623,3854.35791015625
1624,3851.04736328125
1625,3854.785400390625
1626,3859.583740234375
1627,3864.4150390625
1628,3847.17578125
1629,3761.55712890625
1630,3896.375
1631,3903.942626953125
1632,3911.484375
1633,3901.131591796875
1634,3963.313720703125
1635,3951.599853515625
1636,3905.227294921875
1637,3909.15625
1638,3906.71728515625
1639,3924.369140625
1640,3960.9111328125
1641,4048.725830078125
1642,4025.22900390625
1643,4032.50732421875
1644,4071.190185546875
1645,4087.476318359375
1646,4029.326904296875
1647,4023.96826171875
1648,4035.826416015625
1649,4022.168212890625
1650,3963.070556640625
1651,3985.080810546875
1652,4087.066162109375
1653,4069.107177734375
1654,4098.37451171875
1655,4106.66015625
1656,4105.404296875
1657,4158.18310546875
1658,4879.8779296875
1659,4973.02197265625
1660,4922.798828125
1661,5036.68115234375
1662,5059.8173828125
1663,5198.89697265625
1664,5289.77099609375
1665,5204.95849609375
1666,5324.5517578125
1667,5064.48779296875
1668,5089.5390625
1669,5096.58642578125
1670,5167.72216796875
1671,5067.1083984375
1672,5235.5595703125
1673,5251.93798828125
1674,5298.3857421875
1675,5303.8125
1676,5337.88623046875
1677,5314.53125
1678,5399.365234375
1679,5572.3623046875
1680,5464.86669921875
1681,5210.515625
1682,5279.34814453125
1683,5268.291015625
1684,5285.13916015625
1685,5247.3525390625
1686,5350.7265625
1687,5402.697265625
1688,5505.28369140625
1689,5768.28955078125
1690,5831.16748046875
1691,5795.70849609375
1692,5746.80712890625
1693,5829.50146484375
1694,5982.45751953125
1695,6174.52880859375
1696,6378.84912109375
1697,7204.771484375
1698,6972.37158203125
1699,7814.9150390625
1700,7994.416015625
1701,8205.16796875
1702,7884.9091796875
1703,7343.8955078125
1704,7271.2080078125
1705,8197.689453125
1706,7978.30908203125
1707,7963.32763671875
1708,7680.06640625
1709,7881.8466796875
1710,7987.37158203125
1711,8052.5439453125
1712,8673.2158203125
1713,8805.7783203125
1714,8719.9619140625
1715,8659.4873046875
1716,8319.47265625
1717,8574.501953125
1718,8564.0166015625
1719,8742.9580078125
1720,8208.9951171875
1721,7707.77099609375
1722,7824.2314453125
1723,7822.0234375
1724,8043.951171875
1725,7954.1279296875
1726,7688.0771484375
1727,8000.32958984375
1728,7927.71435546875
1729,8145.857421875
1730,8230.923828125
1731,8693.8330078125
1732,8838.375
1733,8994.48828125
1734,9320.3525390625
1735,9081.7626953125
1736,9273.521484375
1737,9527.16015625
1738,10144.556640625
1739,10701.69140625
1740,10855.37109375
1741,11011.1025390625
1742,11790.9169921875
1743,13016.2314453125
1744,11182.806640625
1745,12407.33203125
1746,11959.37109375
1747,10817.1552734375
1748,10583.134765625
1749,10801.677734375
1750,11961.26953125
1751,11215.4375
1752,10978.4599609375
1753,11208.55078125
1754,11450.8466796875
1755,12285.9580078125
1756,12573.8125
1757,12156.5126953125
1758,11358.662109375
1759,11815.986328125
1760,11392.37890625
1761,10256.05859375
1762,10895.08984375
1763,9477.6416015625
1764,9693.802734375
1765,10666.482421875
1766,10530.732421875
1767,10767.1396484375
1768,10599.10546875
1769,10343.1064453125
1770,9900.767578125
1771,9811.92578125
1772,9911.841796875
1773,9870.3037109375
1774,9477.677734375
1775,9552.8603515625
1776,9519.1455078125
1777,9607.423828125
1778,10085.6279296875
1779,10399.6689453125
1780,10518.1748046875
1781,10821.7265625
1782,10970.1845703125
1783,11805.6533203125
1784,11478.1689453125
1785,11941.96875
1786,11966.4072265625
1787,11862.9365234375
1788,11354.0244140625
1789,11523.5791015625
1790,11382.6162109375
1791,10895.830078125
1792,10051.7041015625
1793,10311.5458984375
1794,10374.3388671875
1795,10231.744140625
1796,10345.810546875
1797,10916.0537109375
1798,10763.232421875
1799,10138.0498046875
1800,10131.0556640625
1801,10407.96484375
1802,10159.9609375
1803,10138.517578125
1804,10370.8203125
1805,10185.5
1806,9754.4228515625
1807,9510.2001953125
1808,9598.173828125
1809,9630.6640625
1810,9757.970703125
1811,10346.7607421875
1812,10623.5400390625
1813,10594.4931640625
1814,10575.533203125
1815,10353.302734375
1816,10517.2548828125
1817,10441.2763671875
1818,10334.974609375
1819,10115.9755859375
1820,10178.3720703125
1821,10410.126953125
1822,10360.546875
1823,10358.048828125
1824,10347.712890625
1825,10276.7939453125
1826,10241.2724609375
1827,10198.248046875
1828,10266.4150390625
1829,10181.6416015625
1830,10019.716796875
1831,10070.392578125
1832,9729.32421875
1833,8620.56640625
1834,8486.9931640625
1835,8118.9677734375
1836,8251.845703125
1837,8245.9150390625
1838,8104.185546875
1839,8293.8681640625
1840,8343.2763671875
1841,8393.0419921875
1842,8259.9921875
1843,8205.939453125
1844,8151.50048828125
1845,7988.15576171875
1846,8245.623046875
1847,8228.783203125
1848,8595.740234375
1849,8586.4736328125
1850,8321.7568359375
1851,8336.5556640625
1852,8321.005859375
1853,8374.6865234375
1854,8205.369140625
1855,8047.52685546875
1856,8103.9111328125
1857,7973.20751953125
1858,7988.560546875
1859,8222.078125
1860,8243.720703125
1861,8078.203125
1862,7514.671875
1863,7493.48876953125
1864,8660.7001953125
1865,9244.97265625
1866,9551.71484375
1867,9256.1484375
1868,9427.6875
1869,9205.7265625
1870,9199.5849609375
1871,9261.1044921875
1872,9324.7177734375
1873,9235.3544921875
1874,9412.6123046875
1875,9342.52734375
1876,9360.8798828125
1877,9267.5615234375
1878,8804.880859375
1879,8813.58203125
1880,9055.5263671875
1881,8757.7880859375
1882,8815.662109375
1883,8808.2626953125
1884,8708.0947265625
1885,8491.9921875
1886,8550.7607421875
1887,8577.9755859375
1888,8309.2861328125
1889,8206.1455078125
1890,8027.26806640625
1891,7642.75
1892,7296.57763671875
1893,7397.796875
1894,7047.9169921875
1895,7146.1337890625
1896,7218.37109375
1897,7531.66357421875
1898,7463.10595703125
1899,7761.24365234375
1900,7569.6298828125
1901,7424.29248046875
1902,7321.98828125
1903,7320.1455078125
1904,7252.03466796875
1905,7448.3076171875
1906,7546.99658203125
1907,7556.23779296875
1908,7564.34521484375
1909,7400.8994140625
1910,7278.11962890625
1911,7217.42724609375
1912,7243.13427734375
1913,7269.6845703125
1914,7124.673828125
1915,7152.3017578125
1916,6932.48046875
1917,6640.51513671875
1918,7276.802734375
1919,7202.84423828125
1920,7218.81640625
1921,7191.15869140625
1922,7511.5888671875
1923,7355.62841796875
1924,7322.5322265625
1925,7275.15576171875
1926,7238.966796875
1927,7290.08837890625
1928,7317.990234375
1929,7422.65283203125
1930,7292.9951171875
1931,7193.59912109375
1932,7200.17431640625
1933,6985.47021484375
1934,7344.88427734375
1935,7410.65673828125
1936,7411.3173828125
1937,7769.21923828125
1938,8163.6923828125
1939,8079.86279296875
1940,7879.0712890625
1941,8166.55419921875
1942,8037.53759765625
1943,8192.494140625
1944,8144.1943359375
1945,8827.7646484375
1946,8807.0107421875
1947,8723.7861328125
1948,8929.0380859375
1949,8942.80859375
1950,8706.2451171875
1951,8657.642578125
1952,8745.89453125
1953,8680.8759765625
1954,8406.515625
1955,8445.4345703125
1956,8367.84765625
1957,8596.830078125
1958,8909.8193359375
1959,9358.58984375
1960,9316.6298828125
1961,9508.9931640625
1962,9350.529296875
1963,9392.875
1964,9344.365234375
1965,9293.521484375
1966,9180.962890625
1967,9613.423828125
1968,9729.8017578125
1969,9795.943359375
1970,9865.119140625
1971,10116.673828125
1972,9856.611328125
1973,10208.236328125
1974,10326.0546875
1975,10214.3798828125
1976,10312.1162109375
1977,9889.4248046875
1978,9934.43359375
1979,9690.142578125
1980,10141.99609375
1981,9633.38671875
1982,9608.4755859375
1983,9686.44140625
1984,9663.181640625
1985,9924.515625
1986,9650.1748046875
1987,9341.705078125
1988,8820.5224609375
1989,8784.494140625
1990,8672.455078125
1991,8599.5087890625
1992,8562.4541015625
1993,8869.669921875
1994,8787.7861328125
1995,8755.24609375
1996,9078.7626953125
1997,9122.5458984375
1998,8909.9541015625
1999,8108.1162109375
2000,7923.64453125
2001,7909.7294921875
2002,7911.43017578125
2003,4970.7880859375
2004,5563.70703125
2005,5200.3662109375
2006,5392.31494140625
2007,5014.47998046875
2008,5225.62939453125
2009,5238.4384765625
2010,6191.19287109375
2011,6198.7783203125
2012,6185.06640625
2013,5830.2548828125
2014,6416.31494140625
2015,6734.8037109375
2016,6681.06298828125
2017,6716.4404296875
2018,6469.79833984375
2019,6242.19384765625
2020,5922.04296875
2021,6429.841796875
2022,6438.64453125
2023,6606.7763671875
2024,6793.62451171875
2025,6733.38720703125
2026,6867.52734375
2027,6791.12939453125
2028,7271.78125
2029,7176.41455078125
2030,7334.0986328125
2031,7302.08935546875
2032,6865.4931640625
2033,6859.0830078125
2034,6971.091796875
2035,6845.03759765625
2036,6842.427734375
2037,6642.10986328125
2038,7116.80419921875
2039,7096.1845703125
2040,7257.6650390625
2041,7189.4248046875
2042,6881.95849609375
2043,6880.3232421875
2044,7117.20751953125
2045,7429.724609375
2046,7550.90087890625
2047,7569.93603515625
2048,7679.8671875
2049,7795.60107421875
2050,7807.05859375
2051,8801.0380859375
2052,8658.5537109375
2053,8864.7666015625
2054,8988.5966796875
2055,8897.46875
2056,8912.654296875
2057,9003.0703125
2058,9268.76171875
2059,9951.5185546875
2060,9842.666015625
2061,9593.896484375
2062,8756.4306640625
2063,8601.7958984375
2064,8804.4775390625
2065,9269.9873046875
2066,9733.7216796875
2067,9328.197265625
2068,9377.013671875
2069,9670.7392578125
2070,9726.5751953125
2071,9729.0380859375
2072,9522.9814453125
2073,9081.76171875
2074,9182.5771484375
2075,9209.287109375
2076,8790.3681640625
2077,8906.9345703125
2078,8835.052734375
2079,9181.017578125
2080,9525.7509765625
2081,9439.1240234375
2082,9700.4140625
2083,9461.05859375
2084,10167.2685546875
2085,9529.8037109375
2086,9656.7177734375
2087,9800.63671875
2088,9665.533203125
2089,9653.6796875
2090,9758.8525390625
2091,9771.4892578125
2092,9795.7001953125
2093,9870.0947265625
2094,9321.78125
2095,9480.84375
2096,9475.27734375
2097,9386.7880859375
2098,9450.7021484375
2099,9538.0244140625
2100,9480.2548828125
2101,9411.8408203125
2102,9288.0185546875
2103,9332.3408203125
2104,9303.6298828125
2105,9648.7177734375
2106,9629.658203125
2107,9313.6103515625
2108,9264.8134765625
2109,9162.91796875
2110,9045.390625
2111,9143.58203125
2112,9190.8544921875
2113,9137.9931640625
2114,9228.3251953125
2115,9123.41015625
2116,9087.3037109375
2117,9132.48828125
2118,9073.9423828125
2119,9375.474609375
2120,9252.27734375
2121,9428.3330078125
2122,9277.9677734375
2123,9278.8076171875
2124,9240.3466796875
2125,9276.5
2126,9243.6142578125
2127,9243.2138671875
2128,9192.8369140625
2129,9132.2275390625
2130,9151.392578125
2131,9159.0400390625
2132,9185.8173828125
2133,9164.2314453125
2134,9374.8876953125
2135,9525.36328125
2136,9581.072265625
2137,9536.892578125
2138,9677.11328125
2139,9905.1669921875
2140,10990.873046875
2141,10912.8232421875
2142,11100.4677734375
2143,11111.2138671875
2144,11323.466796875
2145,11759.5927734375
2146,11053.6142578125
2147,11246.3486328125
2148,11205.892578125
2149,11747.0224609375
2150,11779.7734375
2151,11601.47265625
2152,11754.0458984375
2153,11675.7392578125
2154,11878.111328125
2155,11410.525390625
2156,11584.9345703125
2157,11784.1376953125
2158,11768.87109375
2159,11865.6982421875
2160,11892.8037109375
2161,12254.40234375
2162,11991.2333984375
2163,11758.283203125
2164,11878.3720703125
2165,11592.4892578125
2166,11681.8251953125
2167,11664.84765625
2168,11774.595703125
2169,11366.134765625
2170,11488.36328125
2171,11323.3974609375
2172,11542.5
2173,11506.865234375
2174,11711.505859375
2175,11680.8203125
2176,11970.478515625
2177,11414.0341796875
2178,10245.296875
2179,10511.8134765625
2180,10169.5673828125
2181,10280.3515625
2182,10369.5634765625
2183,10131.5166015625
2184,10242.34765625
2185,10363.138671875
2186,10400.9150390625
2187,10442.1708984375
2188,10323.755859375
2189,10680.837890625
2190,10796.951171875
2191,10974.9052734375
2192,10948.990234375
2193,10944.5859375
2194,11094.3466796875
2195,10938.271484375
2196,10462.259765625
2197,10538.4599609375
2198,10246.1865234375
2199,10760.06640625
2200,10692.716796875
2201,10750.7236328125
2202,10775.26953125
2203,10709.65234375
2204,10844.640625
2205,10784.4912109375
2206,10619.4521484375
2207,10575.974609375
2208,10549.3291015625
2209,10669.5830078125
2210,10793.33984375
2211,10604.40625
2212,10668.96875
2213,10915.685546875
2214,11064.4580078125
2215,11296.361328125
2216,11384.181640625
2217,11555.36328125
2218,11425.8994140625
2219,11429.5068359375
2220,11495.349609375
2221,11322.123046875
2222,11358.1015625
2223,11483.359375
2224,11742.037109375
2225,11916.3349609375
2226,12823.689453125
2227,12965.8916015625
2228,12931.5390625
2229,13108.0625
2230,13031.173828125
2231,13075.248046875
2232,13654.21875
2233,13271.28515625
2234,13437.8828125
2235,13546.5224609375
2236,13780.9951171875
2237,13737.109375
2238,13550.4892578125
2239,13950.30078125
2240,14133.70703125
2241,15579.8486328125
2242,15565.880859375
2243,14833.75390625
2244,15479.5673828125
2245,15332.3154296875
2246,15290.90234375
2247,15701.33984375
2248,16276.34375
2249,16317.80859375
2250,16068.138671875
2251,15955.587890625
2252,16716.111328125
2253,17645.40625
2254,17804.005859375
2255,17817.08984375
2256,18621.314453125
2257,18642.232421875
2258,18370.001953125
2259,18364.12109375
2260,19107.46484375
2261,18732.12109375
2262,17150.623046875
2263,17108.40234375
2264,17717.4140625
2265,18177.484375
2266,19625.8359375
2267,18802.998046875
2268,19201.091796875
2269,19445.3984375
2270,18699.765625
2271,19154.23046875
2272,19345.12109375
2273,19191.630859375
2274,18321.14453125
2275,18553.916015625
2276,18264.9921875
2277,18058.904296875
2278,18803.65625
2279,19142.3828125
2280,19246.64453125
2281,19417.076171875
2282,21310.59765625
2283,22805.162109375
2284,23137.9609375
2285,23869.83203125
2286,23477.294921875
2287,22803.08203125
2288,23783.029296875
2289,23241.345703125
2290,23735.94921875
2291,24664.791015625
2292,26437.037109375
2293,26272.294921875
2294,27084.80859375
2295,27362.4375
2296,28840.953125
2297,29001.720703125
2298,29374.15234375
2299,32127.267578125
2300,32782.0234375
2301,31971.9140625
2302,33992.4296875
2303,36824.36328125
2304,39371.04296875
2305,40797.609375
2306,40254.546875
2307,38356.44140625
2308,35566.65625
2309,33922.9609375
2310,37316.359375
2311,39187.328125
2312,36825.3671875
2313,36178.140625
2314,35791.27734375
2315,36630.07421875
2316,36069.8046875
2317,35547.75
2318,30825.69921875
2319,33005.76171875
2320,32067.642578125
2321,32289.37890625
2322,32366.392578125
2323,32569.849609375
2324,30432.546875
2325,33466.09765625
2326,34316.38671875
2327,34269.5234375
2328,33114.359375
2329,33537.17578125
2330,35510.2890625
2331,37472.08984375
2332,36926.06640625
2333,38144.30859375
2334,39266.01171875
2335,38903.44140625
2336,46196.46484375
2337,46481.10546875
2338,44918.18359375
2339,47909.33203125
2340,47504.8515625
2341,47105.515625
2342,48717.2890625
2343,47945.05859375
2344,49199.87109375
2345,52149.0078125
2346,51679.796875
2347,55888.1328125
2348,56099.51953125
2349,57539.9453125
2350,54207.3203125
2351,48824.42578125
2352,49705.33203125
2353,47093.8515625
2354,46339.76171875
2355,46188.453125
2356,45137.76953125
2357,49631.2421875
2358,48378.98828125
2359,50538.2421875
2360,48561.16796875
2361,48927.3046875
2362,48912.3828125
2363,51206.69140625
2364,52246.5234375
2365,54824.1171875
2366,56008.55078125
2367,57805.12109375
2368,57332.08984375
2369,61243.0859375
2370,59302.31640625
2371,55907.19921875
2372,56804.90234375
2373,58870.89453125
2374,57858.921875
2375,58346.65234375
2376,58313.64453125
2377,57523.421875
2378,54529.14453125
2379,54738.9453125
2380,52774.265625
2381,51704.16015625
2382,55137.3125
2383,55973.51171875
2384,55950.74609375
2385,57750.19921875
2386,58917.69140625
2387,58918.83203125
2388,59095.80859375
2389,59384.3125
2390,57603.890625
2391,58758.5546875
2392,59057.87890625
2393,58192.359375
2394,56048.9375
2395,58323.953125
2396,58245.00390625
2397,59793.234375
2398,60204.96484375
2399,59893.453125
2400,63503.45703125
2401,63109.6953125
2402,63314.01171875
2403,61572.7890625
2404,60683.8203125
2405,56216.18359375
2406,55724.265625
2407,56473.03125
2408,53906.08984375
2409,51762.2734375
2410,51093.65234375
2411,50050.8671875
2412,49004.25390625
2413,54021.75390625
2414,55033.1171875
2415,54824.703125
2416,53555.109375
2417,57750.17578125
2418,57828.05078125
2419,56631.078125
2420,57200.29296875
2421,53333.5390625
2422,57424.0078125
2423,56396.515625
2424,57356.40234375
2425,58803.77734375
2426,58232.31640625
2427,55859.796875
2428,56704.57421875
2429,49150.53515625
2430,49716.19140625
2431,49880.53515625
2432,46760.1875
2433,46456.05859375
2434,43537.51171875
2435,42909.40234375
2436,37002.44140625
2437,40782.73828125
2438,37304.69140625
2439,37536.6328125
2440,34770.58203125
2441,38705.98046875
2442,38402.22265625
2443,39294.19921875
2444,38436.96875
2445,35697.60546875
2446,34616.06640625
2447,35678.12890625
2448,37332.85546875
2449,36684.92578125
2450,37575.1796875
2451,39208.765625
2452,36894.40625
2453,35551.95703125
2454,35862.37890625
2455,33560.70703125
2456,33472.6328125
2457,37345.12109375
2458,36702.59765625
2459,37334.3984375
2460,35552.515625
2461,39097.859375
2462,40218.4765625
2463,40406.26953125
2464,38347.0625
2465,38053.50390625
2466,35787.24609375
2467,35615.87109375
2468,35698.296875
2469,31676.693359375
2470,32505.66015625
2471,33723.02734375
2472,34662.4375
2473,31637.779296875
2474,32186.27734375
2475,34649.64453125
2476,34434.3359375
2477,35867.77734375
2478,35040.8359375
2479,33572.1171875
2480,33897.046875
2481,34668.546875
2482,35287.78125
2483,33746.00390625
2484,34235.1953125
2485,33855.328125
2486,32877.37109375
2487,33798.01171875
2488,33520.51953125
2489,34240.1875
2490,33155.84765625
2491,32702.025390625
2492,32822.34765625
2493,31780.73046875
2494,31421.5390625
2495,31533.068359375
2496,31796.810546875
2497,30817.83203125
2498,29807.34765625
2499,32110.693359375
2500,32313.10546875
2501,33581.55078125
2502,34292.4453125
2503,35350.1875
2504,37337.53515625
2505,39406.94140625
2506,39995.90625
2507,40008.421875
2508,42235.546875
2509,41626.1953125
2510,39974.89453125
2511,39201.9453125
2512,38152.98046875
2513,39747.50390625
2514,40869.5546875
2515,42816.5
2516,44555.80078125
2517,43798.1171875
2518,46365.40234375
2519,45585.03125
2520,45593.63671875
2521,44428.2890625
2522,47793.3203125
2523,47096.9453125
2524,47047.00390625
2525,46004.484375
2526,44695.359375
2527,44801.1875
2528,46717.578125
2529,49339.17578125
2530,48905.4921875
2531,49321.65234375
2532,49546.1484375
2533,47706.1171875
2534,48960.7890625
2535,46942.21875
2536,49058.66796875
2537,48902.40234375
2538,48829.83203125
2539,47054.984375
2540,47166.6875
2541,48847.02734375
2542,49327.72265625
2543,50025.375
2544,49944.625
2545,51753.41015625
2546,52633.53515625
2547,46811.12890625
2548,46091.390625
2549,46391.421875
2550,44883.91015625
2551,45201.45703125
2552,46063.26953125
2553,44963.07421875
2554,47092.4921875
2555,48176.34765625
2556,47783.359375
2557,47267.51953125
2558,48278.36328125
2559,47260.21875
2560,42843.80078125
2561,40693.67578125
2562,43574.5078125
2563,44895.09765625
2564,42839.75
2565,42716.59375
2566,43208.5390625
2567,42235.73046875
2568,41034.54296875
2569,41564.36328125
2570,43790.89453125
2571,48116.94140625
2572,47711.48828125
2573,48199.953125
2574,49112.90234375
2575,51514.8125
2576,55361.44921875
2577,53805.984375
2578,53967.84765625
2579,54968.22265625
2580,54771.578125
2581,57484.7890625
2582,56041.05859375
2583,57401.09765625
2584,57321.5234375
2585,61593.94921875
2586,60892.1796875
2587,61553.6171875
2588,62026.078125
2589,64261.9921875
2590,65992.8359375
2591,62210.171875
2592,60692.265625
2593,61393.6171875
2594,60930.8359375
2595,63039.82421875
2596,60363.79296875
2597,58482.38671875
2598,60622.13671875
2599,62227.96484375
2600,61888.83203125
2601,61318.95703125
2602,61004.40625
2603,63226.40234375
2604,62970.046875
2605,61452.23046875
2606,61125.67578125
2607,61527.48046875
2608,63326.98828125
2609,67566.828125
2610,66971.828125
2611,64995.23046875
2612,64949.9609375
2613,64155.94140625
2614,64469.52734375
2615,65466.83984375
2616,63557.87109375
2617,60161.24609375
2618,60368.01171875
2619,56942.13671875
2620,58119.578125
2621,59697.1953125
2622,58730.4765625
2623,56289.2890625
2624,57569.07421875
2625,56280.42578125
2626,57274.6796875
2627,53569.765625
2628,54815.078125
2629,57248.45703125
2630,57806.56640625
2631,57005.42578125
2632,57229.828125
2633,56477.81640625
2634,53598.24609375
2635,49200.703125
2636,49368.84765625
2637,50582.625
2638,50700.0859375
2639,50504.796875
2640,47672.12109375
2641,47243.3046875
2642,49362.5078125
2643,50098.3359375
2644,46737.48046875
2645,46612.6328125
2646,48896.72265625
2647,47665.42578125
2648,46202.14453125
2649,46848.77734375
2650,46707.015625
2651,46880.27734375
2652,48936.61328125
2653,48628.51171875
2654,50784.5390625
2655,50822.1953125
2656,50429.859375
2657,50809.515625
2658,50640.41796875
2659,47588.85546875
2660,46444.7109375
2661,47178.125
2662,46306.4453125
2663,47686.8125
2664,47345.21875
2665,46458.1171875
2666,45897.57421875
2667,43569.00390625
2668,43160.9296875
2669,41557.90234375
2670,41733.94140625
2671,41911.6015625
2672,41821.26171875
2673,42735.85546875
2674,43949.1015625
2675,42591.5703125
2676,43099.69921875
2677,43177.3984375
2678,43113.87890625
2679,42250.55078125
2680,42375.6328125
2681,41744.328125
2682,40680.41796875
2683,36457.31640625
2684,35030.25
2685,36276.8046875
2686,36654.328125
2687,36954.00390625
2688,36852.12109375
2689,37138.234375
2690,37784.33203125
2691,38138.1796875
2692,37917.6015625
2693,38483.125
2694,38743.2734375
2695,36952.984375
2696,37154.6015625
2697,41500.875
2698,41441.1640625
2699,42412.43359375
2700,43840.28515625
2701,44118.4453125
2702,44338.796875
2703,43565.11328125
2704,42407.9375
2705,42244.46875
2706,42197.515625
2707,42586.91796875
2708,44575.203125
2709,43961.859375
2710,40538.01171875
2711,40030.9765625
2712,40122.15625
2713,38431.37890625
2714,37075.28125
2715,38286.02734375
2716,37296.5703125
2717,38332.609375
2718,39214.21875
2719,39105.1484375
2720,37709.78515625
2721,43193.234375
2722,44354.63671875
2723,43924.1171875
2724,42451.7890625
2725,39137.60546875
2726,39400.5859375
2727,38419.984375
2728,38062.0390625
2729,38737.26953125
2730,41982.92578125
2731,39437.4609375
2732,38794.97265625
2733,38904.01171875
2734,37849.6640625
2735,39666.75390625
2736,39338.78515625
2737,41143.9296875
2738,40951.37890625
2739,41801.15625
2740,42190.65234375
2741,41247.82421875
2742,41077.99609375
2743,42358.80859375
2744,42892.95703125
2745,43960.93359375
2746,44348.73046875
2747,44500.828125
2748,46820.4921875
2749,47128.00390625
2750,47465.73046875
2751,47062.6640625
2752,45538.67578125
2753,46281.64453125
2754,45868.94921875
2755,46453.56640625
2756,46622.67578125
2757,45555.9921875
2758,43206.73828125
2759,43503.84765625
2760,42287.6640625
2761,42782.13671875
2762,42207.671875
2763,39521.90234375
2764,40127.18359375
2765,41166.73046875
2766,39935.515625
2767,40553.46484375
2768,40424.484375
2769,39716.953125
2770,40826.21484375
2771,41502.75
2772,41374.37890625
2773,40527.36328125
2774,39740.3203125
2775,39486.73046875
2776,39469.29296875
2777,40458.30859375
2778,38117.4609375
2779,39241.12109375
2780,39773.828125
2781,38609.82421875
2782,37714.875
2783,38469.09375
2784,38529.328125
2785,37750.453125
2786,39698.37109375
2787,36575.140625
2788,36040.921875
2789,35501.953125
2790,34059.265625
2791,30296.953125
2792,31022.90625
2793,28936.35546875
2794,29047.751953125
2795,29283.103515625
2796,30101.265625
2797,31305.11328125
2798,29862.91796875
2799,30425.857421875
2800,28720.271484375
2801,30314.333984375
2802,29200.740234375
2803,29432.2265625
2804,30323.72265625
2805,29098.91015625
2806,29655.5859375
2807,29562.361328125
2808,29267.224609375
2809,28627.57421875
2810,28814.900390625
2811,29445.95703125
2812,31726.390625
2813,31792.310546875
2814,29799.080078125
2815,30467.48828125
2816,29704.390625
2817,29832.9140625
2818,29906.662109375
2819,31370.671875
2820,31155.478515625
2821,30214.35546875
2822,30111.998046875
2823,29083.8046875
2824,28360.810546875
2825,26762.6484375
2826,22487.388671875
2827,22206.79296875
2828,22572.83984375
2829,20381.650390625
2830,20471.482421875
2831,19017.642578125
2832,20553.271484375
2833,20599.537109375
2834,20710.59765625
2835,19987.029296875
2836,21085.876953125
2837,21231.65625
2838,21502.337890625
2839,21027.294921875
2840,20735.478515625
2841,20280.634765625
2842,20104.0234375
2843,19784.7265625
2844,19269.3671875
2845,19242.255859375
2846,19297.076171875
2847,20231.26171875
2848,20190.115234375
2849,20548.24609375
2850,21637.587890625
2851,21731.1171875
2852,21592.20703125
2853,20860.44921875
2854,19970.556640625
2855,19323.9140625
2856,20212.07421875
2857,20569.919921875
2858,20836.328125
2859,21190.31640625
2860,20779.34375
2861,22485.689453125
2862,23389.43359375
2863,23231.732421875
2864,23164.62890625
2865,22714.978515625
2866,22465.478515625
2867,22609.1640625
2868,21361.701171875
2869,21239.75390625
2870,22930.548828125
2871,23843.88671875
2872,23804.6328125
2873,23656.20703125
2874,23336.896484375
2875,23314.19921875
2876,22978.1171875
2877,22846.5078125
2878,22630.95703125
2879,23289.314453125
2880,22961.279296875
2881,23175.890625
2882,23809.486328125
2883,23164.318359375
2884,23947.642578125
2885,23957.529296875
2886,24402.818359375
2887,24424.068359375
2888,24319.333984375
2889,24136.97265625
2890,23883.291015625
2891,23335.998046875
2892,23212.73828125
2893,20877.552734375
2894,21166.060546875
2895,21534.12109375
2896,21398.908203125
2897,21528.087890625
2898,21395.01953125
2899,21600.904296875
2900,20260.01953125
2901,20041.73828125
2902,19616.814453125
2903,20297.994140625
2904,19796.80859375
2905,20049.763671875
2906,20127.140625
2907,19969.771484375
2908,19832.087890625
2909,19986.712890625
2910,19812.37109375
2911,18837.66796875
2912,19290.32421875
2913,19329.833984375
2914,21381.15234375
2915,21680.5390625
2916,21769.255859375
2917,22370.44921875
2918,20296.70703125
2919,20241.08984375
2920,19701.2109375
2921,19772.583984375
2922,20127.576171875
2923,19419.505859375
2924,19544.12890625
2925,18890.7890625
2926,18547.400390625
2927,19413.55078125
2928,19297.638671875
2929,18937.01171875
2930,18802.09765625
2931,19222.671875
2932,19110.546875
2933,19426.720703125
2934,19573.05078125
2935,19431.7890625
2936,19312.095703125
2937,19044.107421875
2938,19623.580078125
2939,20336.84375
2940,20160.716796875
2941,19955.443359375
2942,19546.849609375
2943,19416.568359375
2944,19446.42578125
2945,19141.484375
2946,19051.41796875
2947,19157.4453125
2948,19382.904296875
2949,19185.65625
2950,19067.634765625
2951,19268.09375
2952,19550.7578125
2953,19334.416015625
2954,19139.53515625
2955,19053.740234375
2956,19172.46875
2957,19208.189453125
2958,19567.0078125
2959,19345.572265625
2960,20095.857421875
2961,20770.44140625
2962,20285.8359375
2963,20595.3515625
2964,20818.4765625
2965,20635.603515625
2966,20495.7734375
2967,20485.2734375
2968,20159.50390625
2969,20209.98828125
2970,21147.23046875
2971,21282.69140625
2972,20926.486328125
2973,20602.81640625
2974,18541.271484375
2975,15880.7802734375
2976,17586.771484375
2977,17034.29296875
2978,16799.185546875
2979,16353.365234375
2980,16618.19921875
2981,16884.61328125
2982,16669.439453125
2983,16687.517578125
2984,16697.77734375
2985,16711.546875
2986,16291.83203125
2987,15787.2841796875
2988,16189.76953125
2989,16610.70703125
2990,16604.46484375
2991,16521.841796875
2992,16464.28125
2993,16444.626953125
2994,16217.322265625
2995,16444.982421875
2996,17168.56640625
2997,16967.1328125
2998,17088.66015625
2999,16908.236328125
3000,17130.486328125
3001,16974.826171875
3002,17089.50390625
3003,16848.126953125
3004,17233.474609375
3005,17133.15234375
3006,17128.724609375
3007,17104.193359375
3008,17206.4375
3009,17781.318359375
3010,17815.650390625
3011,17364.865234375
3012,16647.484375
3013,16795.091796875
3014,16757.9765625
3015,16439.6796875
3016,16906.3046875
3017,16817.53515625
3018,16830.341796875
3019,16796.953125
3020,16847.755859375
3021,16841.986328125
3022,16919.8046875
3023,16717.173828125
3024,16552.572265625
3025,16642.341796875
3026,16602.5859375
3027,16547.49609375
3028,16625.080078125
3029,16688.470703125
3030,16679.857421875
3031,16863.23828125
3032,16836.736328125
3033,16951.96875
3034,16955.078125
3035,17091.14453125
3036,17196.5546875
3037,17446.29296875
3038,17934.896484375
3039,18869.587890625
3040,19909.57421875
3041,20976.298828125
3042,20880.798828125
3043,21169.6328125
3044,21161.51953125
3045,20688.78125
3046,21086.79296875
3047,22676.552734375
3048,22777.625
3049,22720.416015625
3050,22934.431640625
3051,22636.46875
3052,23117.859375
3053,23032.77734375
3054,23078.728515625
3055,23031.08984375
3056,23774.56640625
3057,22840.138671875
3058,23139.283203125
3059,23723.76953125
3060,23471.87109375
3061,23449.322265625
3062,23331.84765625
3063,22955.666015625
3064,22760.109375
3065,23264.291015625
3066,22939.3984375
3067,21819.0390625
3068,21651.18359375
3069,21870.875
3070,21788.203125
3071,21808.1015625
3072,22220.8046875
3073,24307.841796875
3074,23623.474609375
3075,24565.6015625
3076,24641.27734375
3077,24327.642578125
3078,24829.1484375
3079,24436.353515625
3080,24188.84375
3081,23947.4921875
3082,23198.126953125
3083,23175.375
3084,23561.212890625
3085,23522.87109375
3086,23147.353515625
3087,23646.55078125
3088,23475.466796875
3089,22362.6796875
3090,22353.349609375
3091,22435.513671875
3092,22429.7578125
3093,22219.76953125
3094,21718.080078125
3095,20363.021484375
3096,20187.244140625
3097,20632.41015625
3098,22163.94921875
3099,24197.533203125
3100,24746.07421875
3101,24375.9609375
3102,25052.7890625
3103,27423.9296875
3104,26965.87890625
3105,28038.67578125
3106,27767.236328125
3107,28175.81640625
3108,27307.4375
3109,28333.97265625
3110,27493.28515625
3111,27494.70703125
3112,27994.330078125
3113,27139.888671875
3114,27268.130859375
3115,28348.44140625
3116,28033.5625
3117,28478.484375
3118,28411.03515625
3119,28199.30859375
3120,27790.220703125
3121,28168.08984375
3122,28177.984375
3123,28044.140625
3124,27925.859375
3125,27947.794921875
3126,28333.05078125
3127,29652.98046875
3128,30235.05859375
3129,30139.052734375
3130,30399.06640625
3131,30485.69921875
3132,30318.49609375
3133,30315.35546875
3134,29445.044921875
3135,30397.552734375
3136,28822.6796875
3137,28245.98828125
3138,27276.91015625
3139,27817.5
3140,27591.384765625
3141,27525.33984375
3142,28307.59765625
3143,28422.701171875
3144,29473.787109375
3145,29340.26171875
3146,29248.48828125
3147,29268.806640625
3148,28091.568359375
3149,28680.537109375
3150,29006.30859375
3151,28847.7109375
3152,29534.384765625
3153,28904.623046875
3154,28454.978515625
3155,27694.2734375
3156,27658.775390625
3157,27621.755859375
3158,27000.7890625
3159,26804.990234375
3160,26784.078125
3161,26930.638671875
3162,27192.693359375
3163,27036.650390625
3164,27398.802734375
3165,26832.208984375
3166,26890.12890625
3167,27129.5859375
3168,26753.826171875
3169,26851.27734375
3170,27225.7265625
3171,26334.818359375
3172,26476.20703125
3173,26719.291015625
3174,26868.353515625
3175,28085.646484375
3176,27745.884765625
3177,27702.349609375
3178,27219.658203125
3179,26819.97265625
3180,27249.58984375
3181,27075.12890625
3182,27119.06640625
3183,25760.09765625
3184,27238.783203125
3185,26345.998046875
3186,26508.216796875
3187,26480.375
3188,25851.240234375
3189,25940.16796875
3190,25902.5
3191,25918.728515625
3192,25124.67578125
3193,25576.39453125
3194,26327.462890625
3195,26510.67578125
3196,26336.212890625
3197,26851.029296875
3198,28327.48828125
3199,30027.296875
3200,29912.28125
3201,30695.46875
3202,30548.6953125
3203,30480.26171875
3204,30271.130859375
3205,30688.1640625
3206,30086.24609375
3207,30445.3515625
3208,30477.251953125
3209,30590.078125
3210,30620.76953125
3211,31156.439453125
3212,30777.58203125
3213,30514.166015625
3214,29909.337890625
3215,30342.265625
3216,30292.541015625
3217,30171.234375
3218,30414.470703125
3219,30620.951171875
3220,30391.646484375
3221,31476.048828125
3222,30334.068359375
3223,30295.806640625
3224,30249.1328125
3225,30145.888671875
3226,29856.5625
3227,29913.923828125
3228,29792.015625
3229,29908.744140625
3230,29771.802734375
3231,30084.5390625
3232,29176.916015625
3233,29227.390625
3234,29354.97265625
3235,29210.689453125
3236,29319.24609375
3237,29356.91796875
3238,29275.30859375
3239,29230.111328125
3240,29675.732421875
3241,29151.958984375
3242,29178.6796875
3243,29074.091796875
3244,29042.126953125
3245,29041.85546875
3246,29180.578125
3247,29765.4921875
3248,29561.494140625
3249,29429.591796875
3250,29397.71484375
3251,29415.96484375
3252,29282.9140625
3253,29408.443359375
3254,29170.34765625
3255,28701.779296875
3256,26664.55078125
3257,26049.556640625
3258,26096.205078125
3259,26189.583984375
3260,26124.140625
3261,26031.65625
3262,26431.640625
3263,26162.373046875
3264,26047.66796875
3265,26008.462890625
3266,26089.693359375
3267,26106.150390625
3268,27727.392578125
3269,27297.265625
3270,25931.47265625
3271,25800.724609375
3272,25868.798828125
3273,25969.56640625
3274,25812.416015625
3275,25779.982421875
3276,25753.236328125
3277,26240.1953125
3278,25905.654296875
3279,25895.677734375
3280,25832.2265625
3281,25162.654296875
3282,25833.34375
3283,26228.32421875
3284,26539.673828125
3285,26608.693359375
3286,26568.28125
3287,26534.1875
3288,26754.28125
3289,27211.1171875
3290,27132.0078125
3291,26567.6328125
3292,26579.568359375
3293,26579.390625
3294,26256.826171875
3295,26298.48046875
3296,26217.25
3297,26352.716796875
3298,27021.546875
3299,26911.720703125
3300,26967.916015625
3301,27983.75
3302,27530.78515625
3303,27429.978515625
3304,27799.39453125
3305,27415.912109375
3306,27946.59765625
3307,27968.83984375
3308,27935.08984375
3309,27583.677734375
3310,27391.01953125
3311,26873.3203125
3312,26756.798828125
3313,26862.375
3314,26861.70703125
3315,27159.65234375
3316,28519.466796875
3317,28415.748046875
3318,28328.341796875
3319,28719.806640625
3320,29682.94921875
3321,29918.412109375
3322,29993.896484375
3323,33086.234375
3324,33901.52734375
3325,34502.8203125
3326,34156.6484375
3327,33909.80078125
3328,34089.57421875
3329,34538.48046875
3330,34502.36328125
3331,34667.78125
3332,35437.25390625
3333,34938.2421875
3334,34732.32421875
3335,35082.1953125
3336,35049.35546875
3337,35037.37109375
3338,35443.5625
3339,35655.27734375
3340,36693.125
3341,37313.96875
3342,37138.05078125
3343,37054.51953125
3344,36502.35546875
3345,35537.640625
3346,37880.58203125
3347,36154.76953125
3348,36596.68359375
3349,36585.703125
3350,37386.546875
3351,37476.95703125
3352,35813.8125
3353,37432.33984375
3354,37289.62109375
3355,37720.28125
3356,37796.79296875
3357,37479.12109375
3358,37254.16796875
3359,37831.0859375
3360,37858.4921875
3361,37712.74609375
3362,38688.75
3363,39476.33203125
3364,39978.390625
3365,41980.09765625
3366,44080.6484375
3367,43746.4453125
3368,43292.6640625
3369,44166.6015625
3370,43725.984375
3371,43779.69921875
3372,41243.83203125
3373,41450.22265625
3374,42890.7421875
3375,43023.97265625
3376,41929.7578125
3377,42240.1171875
3378,41364.6640625
3379,42623.5390625
3380,42270.52734375
3381,43652.25
3382,43869.15234375
3383,43997.90234375
3384,43739.54296875
3385,43016.1171875
3386,43613.140625
3387,42520.40234375
3388,43442.85546875
3389,42627.85546875
3390,42099.40234375
3391,42156.90234375
3392,42265.1875
3393,44167.33203125
3394,45662.58203125
